Company,URL,Company Description,All Investors,Total Funding,Sector,Industry,Sub-Industry,Country,State,City,VC Backed,Exit Round,Exit Date,Last Funding Round,Last Funding Date,Last Funding Amount,Last Funding Simplified Round,Last Funding Investors,Min Valuation,Max Valuation,Min Price/Sales Ratio,Max Price/Sales Ratio,Ticker,CUSIP,offer date,name of IPO,VC,Rollup,PERM,Dual,Internet,post-issue shares,Founding
AXA Equitable Holdings,,AXA Equitable is the US subsidiary of AXA.,Public,,Financial,Asset/Financial Management,,United States,New York,New York,,IPO,2018-05-10,,,,,,,,,,EQH,054561105,20180510,Axa Equitable Holdings Inc,0,0,17787,0,0,.,1900
Affiliated Managers Group,http://www.amg.com,"Affiliated Managers Group (NYSE: AMG) is a global asset management company with equity investments in leading boutique investment management firms. AMG's innovative partnership approach allows each Affiliate's management team to own significant equity in their firm while maintaining operational autonomy. AMG's strategy is to generate growth through the internal growth of existing Affiliates, as well as through investments in new Affiliates. In addition, AMG provides centralized assistance to its Affiliates in strategic matters, marketing, distribution, product development and operations.",Public,,Financial,Asset/Financial Management,,United States,Massachusetts,Prides Crossing,,IPO,1997-11-21,,,,,,389.59,389.59,,,AMG,008252108,19971121,Affiliated Managers Group,2,1,85593,0,0,.,1988
Allegiance Bancshares,http://www.allegiancebank.com,"Allegiance Bancshares is a Texas corporation and a registered bank holding company headquartered in Houston, Texas. Through its wholly-owned subsidiary, Allegiance Bank, the company provides a diversified range of commercial banking services primarily to Houston metropolitan area-based small to medium-sized businesses and individual customers.",Public,,Financial,Retail Banking,,United States,Texas,Houston,,IPO,2015-10-08,,,,,,260.88,260.88,5.8677462887989,5.8677462887989,ABTX,01748H107,20151008,Allegiance Bancshares Inc,0,0,15774,0,0,.,2007
Ally Financial,http://www.ally.com,"Ally Financial (NYSE: ALLY) is a digital financial services and financial holding company offering financial products for consumers, businesses, automotive dealers and corporate clients.",Public,,Financial,Lending,Consumer,United States,Michigan,Detroit,,IPO,2014-04-10,,,,,,12037.52,12037.52,1.2222073306935,1.2222073306935,ALLY,02005N100,20140410,Ally Financial Inc,0,0,14558,0,0,.,1924
Alpine Income Property Trust,http://www.alpinereit.com,Alpine Income Property Trust (NYSE: PINE) is a real estate company that owns and operates a portfolio of single-tenant commercial properties.,Public,,Financial,Real Estate,REITs,United States,Florida,Daytona Beach,,IPO,2019-11-22,,,,,,173.0,173.0,,,PINE,02083X103,20191122,Alpine Income Property Trust,0,0,19037,0,0,.,2010
American Assets Trust,http://www.americanassetstrust.com,"American Assets Trust is a full service, vertically integrated and self-administered real estate investment trust, or REIT, headquartered in San Diego, California. The Company has over 50 years of experience in acquiring, improving, developing and managing premier retail, office and residential properties throughout the United States in some of the nation's most dynamic, high-barrier-to-entry markets primarily in Southern California, Northern California, Oregon, Washington and Hawaii.",Public,,Financial,Real Estate,REITs,United States,California,San Diego,,IPO,2011-01-14,,,,,,718.21,718.21,,,AAT,016440109,19930219,All-American Term Trust Inc,0,0,78935,0,0,.,-99
American Assets Trust,http://www.americanassetstrust.com,"American Assets Trust is a full service, vertically integrated and self-administered real estate investment trust, or REIT, headquartered in San Diego, California. The Company has over 50 years of experience in acquiring, improving, developing and managing premier retail, office and residential properties throughout the United States in some of the nation's most dynamic, high-barrier-to-entry markets primarily in Southern California, Northern California, Oregon, Washington and Hawaii.",Public,,Financial,Real Estate,REITs,United States,California,San Diego,,IPO,2011-01-14,,,,,,718.21,718.21,,,AAT,24013104,20110112,American Assets Trust Inc,0,0,12513,0,0,.,2010
American Campus Communities,http://www.americancampus.com,"American Campus Communities is an owner, manager and developer of high-quality student housing communities in the United States. The company is a fully integrated, self-managed and self-administered equity real estate investment trust (REIT) with expertise in the design, finance, development, construction management and operational management of student housing properties.",Public,,Financial,Real Estate,REITs,United States,Texas,Austin,,IPO,2004-08-13,,,,,,,,,,ACC,024835100,20040811,American Campus Comm Inc,0,0,90300,.,0,12100000,-99
Americold Realty Trust,http://www.americold.com,"Americold Realty Trust is an owner and operator of temperature-controlled warehouses. It is organized as a self-administered and self-managed REIT with proven operating, development, and acquisition expertise.",Public,,Financial,Real Estate,REITs,United States,Georgia,Atlanta,,IPO,2018-01-19,,,,,,2128.64,2128.64,,,COLD,03064D108,20180119,AmeriCold Realty Trust,0,0,17226,0,0,.,2006
Ares Commercial Real Estate,http://www.arescre.com,"Ares Commercial Real Estate is a specialty finance company focused on originating, investing in and managing middle-market commercial real estate loans and other commercial real estate, or CRE-, related investments. The company targets borrowers whose capital needs are not being met in the market by offering customized financing solutions. Ares implements a strategy focused on direct origination combined with experienced portfolio management through the Manager's servicer, which is a Standard & Poor's-ranked commercial primary servicer and commercial special servicer that is included on S&P's Select Servicer List, to meet borrowers' and sponsors' needs.   In April 2012, Ares Commercial Real Estate went public with a valuation of $170.8 million.",Public,,Financial,Real Estate,Commercial Real Estate Brokerage,United States,Illinois,Chicago,,IPO,2012-04-26,,,,,,170.84,170.84,,,ACRE,04013V108,20120425,Ares Commercial RE Corp,0,0,13332,0,0,.,-99
Ares Dynamic Credit Allocation Fund,,"Ares Dynamic Credit Allocation Fund (ARDC), managed by Ares Management, is a newly organized, non-diversified, closed-end management company with no operating history. ARDC seeks to provide an attractive level of total return primarily through current income and, secondarily, through capital appreciation, by investing primarily in a broad, dynamically managed portfolio of credit investments. In seeking to achieve its investment objective, the Fund will invest in senior secured loans, high yield corporate bonds and investment grade-rated collateralized loan obligations. ARDC will dynamically allocate its portfolio among investments in the various targeted credit markets to seek to manage interest rate and credit risk and the duration of the Fund's portfolio.    In November 2012, Ares Dynamic Credit Allocation Fund went public.",Public,,Financial,Investment Firms & Funds,,United States,Illinois,Chicago,,IPO,2012-11-29,,,,,,,,,,ARDC,04014F102,20121128,Ares Dynamic Credit Allocation,0,0,13679,0,0,.,2011
Armada Hoffler Properties,http://www.armadahoffler.com,"Armada Hoffler Properties is a full-service real estate company with extensive experience developing, building, owning and managing high-quality, institutional-grade office, retail and multifamily properties in attractive markets throughout the Mid-Atlantic United States. The company's initial portfolio consists of properties in various markets in Virginia and North Carolina. Armada Hoffler Properties intends to develop and acquire office, retail and multifamily properties in the broader Mid-Atlantic region, including, among other cities, Washington, D.C. and Baltimore, Maryland. In addition to developing and building properties for its own account, the company also provides general construction and development services to third-party clients throughout the Mid-Atlantic and Southeastern regions of the United States.",Public,,Financial,Real Estate,,United States,Virginia,Virginia Beach,,IPO,2013-05-09,,,,,,,,,,AHH,04208T108,20130507,Armada Hoffler Properties Inc,0,0,13887,0,0,.,1979
Artisan Partners,http://www.artisanpartners.com,"Artisan Partners, adviser to the Artisan Partners Funds, is a global investment management firm that provides a broad range of high value-added investment strategies in growing asset classes to sophisticated clients around the world.",Public,,Financial,Investment Firms & Funds,,United States,Wisconsin,Milwaukee,,IPO,2013-03-07,,,,,,,,,,APAM,04316A108,20130306,Artisan Partners Asset Mgmt In,0,0,13802,1,0,70587000,1994
Ashford Hospitality Trust,http://www.ahtreit.com,"Ashford Hospitality Trust is a real estate investment trust (REIT) focused on investing opportunistically in the hospitality industry in upper upscale, full service hotels.",Public,,Financial,Real Estate,REITs,United States,Texas,Dallas,,IPO,2003-08-27,,,,,,330.89,330.89,,,AHT,009293101,19870723,Aircoa Hotel Partners,0,0,75108,0,0,.,-99
Ashford Hospitality Trust,http://www.ahtreit.com,"Ashford Hospitality Trust is a real estate investment trust (REIT) focused on investing opportunistically in the hospitality industry in upper upscale, full service hotels.",Public,,Financial,Real Estate,REITs,United States,Texas,Dallas,,IPO,2003-08-27,,,,,,330.89,330.89,,,AHT,044103109,20030825,Ashford Hospitality Trust Inc,0,0,89803,0,0,.,-99
Assurant,http://www.assurant.com,"Assurant (NYSE: AIZ) is a global provider of risk management solutions. The company offers creditor-placed homeowners insurance, manufactured housing homeowners insurance, debt protection administration, credit insurance, warranties and extended services contracts, individual health and small employer group health insurance, group dental insurance, group disability insurance, group life insurance, and pre-funded funeral insurance.",Public,,Financial,Insurance,Risk Management,United States,New York,New York,,IPO,2004-02-05,,,,,,3129.9,3129.9,,,AIZ,04621X108,20040204,Assurant Inc,0,0,90038,0,0,.,1978
BFC Financial,http://www.bfcfinancial.com,"BFC Financial Corporation (OTCQB: BFCF) (OTCQB: BFCFB), now BBX Capital, is a diversified holding company that specializes in investments and acquisitions of middle market companies.",Public,,Financial,Real Estate,,United States,Florida,Fort Lauderdale,,IPO,2005-06-21,,,,,,,,,,BFC,09247G108,19920918,Blackrock CA Ins Muni 2000 Tr,0,0,77905,0,0,.,-99
Bain Capital Specialty Finance,,Bain Capital Specialty Finance (NYSE:BCSF) is an externally managed specialty finance company focused on lending to middle-market companies. Bain Capital Specialty Finance is managed by Bain Capital Credit.,Public,,Financial,Lending,,United States,Massachusetts,Boston,,IPO,2018-11-14,,,,,,,,,,BCSF,05684B107,20181115,Bain Capital Specialty Finance,0,0,18222,0,0,.,1984
Baldwin Risk Partners,http://www.baldwinriskpartners.com,Baldwin Risk Partners is an insurance distribution holding company.,Public,,Financial,Insurance,,United States,Florida,Tampa,,IPO,2019-10-24,,,,,,264.04,264.04,,,BRP,05589G102,20191024,BRP Group Inc,0,1,19002,1,0,59588235,2011
Bank7,http://www.bank7.com,"Bank7 Corp. is a bank holding company headquartered in Oklahoma City, Oklahoma. Through its wholly-owned subsidiary, Bank7, the company operates seven full-service branches in Oklahoma, the Dallas/Fort Worth metropolitan area and Kansas. Bank7 is focused on serving business owners and entrepreneurs by delivering fast, consistent and well-designed banking solutions.",Public,,Financial,Retail Banking,,United States,Oklahoma,Oklahoma City,,IPO,2018-09-20,,,,,,193.56,193.56,,,BSVN,06652N107,20180920,Bank7 Corp,0,0,18106,0,0,.,2001
Bankwell Financial Group,http://www.mybankwell.com,"Bankwell Financial Group is a Connecticut bank holding company located in New Canaan, Connecticut. The Company offers a broad range of financial services through its banking subsidiary, Bankwell Bank, a Connecticut state commercial bank founded in 2002. As of December 31, 2013, on a consolidated basis, BWFG had total assets of approximately $779.6 million, total loans of approximately $632.0 million, total deposits of approximately $661.5 million, and shareholders' equity of approximately $69.5 million.",Public,,Financial,Retail Banking,,United States,Connecticut,New Canaan,,IPO,2014-05-15,,,,,,118.42,118.42,3.6092654678452,3.6092654678452,BWFG,06654A103,20140515,Bankwell Financial Group,0,0,14650,0,0,.,2002
Barings BDC,,"Barings BDC (NYSE: BBDC), formerly the Triangle Capital Corporation, is a publicly traded, internally managed business development company (BDC) providing customized financing solutions for lower middle market companies located throughout the United States. Triangle offers a wide range of financing structures to private equity partners, including subordinated debt with warrants, first and second lien loans, one-stop and uni-tranche structures, and equity co-investments. TCC also has extensive experience partnering with financial sponsors and leading unsponsored transactions. The firm typically invests $5 to $25 million for: Leveraged Buyouts; Management Buyouts; Recapitalizations; Growth Financings; ESOPs; and Acquisition Financings.",Public,,Financial,Asset/Financial Management,,United States,North Carolina,Raleigh,,IPO,2007-02-21,,,,,,,,,,BBDC,105494108,19961126,Brantley Capital,0,0,84193,0,0,.,-99
Baycom Corp,http://www.unitedbusinessbank.com,"Baycom Corp (NASDAQ: BCML) is a bank holding company headquartered in Walnut Creek, California. United Business Bank, its wholly owned banking subsidiary, is a California state-chartered bank which provides a broad range of financial services primarily to local small and mid-sized businesses, service professionals and individuals.",Public,,Financial,Retail Banking,,United States,California,Walnut Creek,,IPO,2018-05-04,,,,,,227.99,227.99,,,BCML,07272M107,20180504,BayCom,0,0,17800,0,0,.,2004
Blackstone,http://www.blackstone.com,"Blackstone (NYSE: BX) is a private equity, investment banking, alternative asset management, and financial services corporation that specializes in investment strategies, as well as financial advisory services. Blackstone has interests in private equity, real estate, hedge fund solutions (BAAM), credit businesses, closed-end mutual funds, and advisory and restructuring.",Public,,Financial,Investment Firms & Funds,,United States,New York,New York,,IPO,2007-06-25,,,,,,7274.69,7274.69,,,BX,09253U108,20070621,Blackstone Group LP,0,0,92108,1,0,1081466000,1985
Bluerock Residential Growth REIT,http://www.bluerockresidential.com,"Bluerock Residential Growth REIT (NYSEAMERICAN: BRG) acquires well-located, institutional-quality apartment properties in demographically attractive growth markets across the United States. The company seeks to maximize returns through investments where it believes it can drive substantial growth in funds from operations and net asset value through one or more of ots Core-Plus, Value-Add, Opportunistic and Invest-to-Own investment strategies.",Public,,Financial,Real Estate,REITs,United States,New York,New York,,IPO,2014-03-28,,,,,,63.01,63.01,6.0124045801527,6.0124045801527,BRG,09627J102,20140328,Bluerock Residential Growth,0,0,14500,1,0,5557000,2008
BofI Holding,http://www.bofiholding.com,"BofI Holding is the holding company for BofI Federal Bank, a nationwide bank that, among other financial products and services, provides financing for single and multifamily residential properties, small-to-medium size businesses in target sectors, and selected specialty finance receivables. BofI Federal Bank provides consumer and business banking products directly and through third-party channels. BofI Holding's common stock is listed on the NASDAQ Global Select Market under the symbol ""BOFI"" and is a component of the Russell 2000 Index, the S&P SmallCap 600 Index, and the KBW Nasdaq Financial Technology Index.",Public,,Financial,Retail Banking,,United States,California,San Diego,,IPO,2005-03-15,,,,,,95.45,95.45,,,BOFI,05566U108,20050314,BofI Holding Inc,0,0,90634,0,1,.,1900
Byline Bancorp,http://www.bylinebank.com,"Byline Bancorp (NYSE: BY) is a bank holding company headquartered in Chicago, Illinois that conducts all business activities through its subsidiary, Byline Bank, a full-service commercial bank. Byline Bank offers a broad range of banking products and services to small and medium-sized businesses, commercial real estate, and financial sponsors, and to consumers who generally live or work near Byline's branches. In addition to its traditional commercial banking business, the bank provides small ticket equipment leasing solutions.",Public,,Financial,Retail Banking,,United States,Illinois,Chicago,,IPO,2017-06-30,,,,,,539.43,539.43,,,BY,124411109,20170630,Byline Bancorp Inc,0,0,16756,0,0,.,1978
CBTX,http://www.communitybankoftx.com,"CBTX is a bank holding company that operates through its wholly-owned subsidiary, CommunityBank of Texas, in Houston and Beaumont, Texas. The bank focuses on providing commercial banking solutions to local small and mid-sized businesses and professionals in its markets.",Public,,Financial,Retail Banking,,United States,Texas,Houston,,IPO,2017-11-09,,,,,,636.04,636.04,,,CBTX,12481V104,20171108,CBTX Inc,0,0,17108,0,0,.,2007
CME Group,http://www.cmegroup.com,"CME Group is the world's largest and most diverse exchange. Formed by the 2007 merger of the Chicago Mercantile Exchange (CME) and the Chicago Board of Trade (CBOT), CME Group serves the risk management needs of customers around the globe. As an international marketplace, CME Group brings buyers and sellers together on the CME Globex electronic trading platform and on its trading floors. CME Group is traded on the New York Stock Exchange and NASDAQ under the symbol ""CME.""",Public,,Financial,Stock Exchanges,,United States,Illinois,Chicago,,IPO,2002-12-06,,,,,,1113.72,1113.72,3.2115112892529,3.2115112892529,CME,16776010,20021206,Chicago Mercantile Exchange,0,0,89626,1,0,31821000,1898
CURO Group Holdings,http://www.curo.com,"CURO (NYSE: CURO), operating in three countries and powered by its fully integrated technology platform, provides short-term credit to underbanked consumers. CURO combines its market expertise with a fully integrated technology platform, omni-channel approach and advanced credit decisioning to provide an array of short-term credit products across all mediums. CURO operates under a number of brands including Speedy Cash, Rapid Cash, Cash Money, LendDirect, Avio Credit, WageDayAdvance, Juo Loans, and Opt+. With over 20 years of operating experience, CURO provides financial freedom to the underbanked.",Public,,Financial,Lending,Consumer,United States,Kansas,Wichita,,IPO,2017-12-07,,,,,,623.86,623.86,0.89552710151585,0.89552710151585,CURO,23131L107,20171207,Curo Grp Holdings Corp,0,0,17178,0,0,.,1997
Capital One,http://www.capitalone.com,"Capital One is a diversified financial services firm and bank holding company specializing in credit cards, home loans, auto loans, banking, and savings products.",Public,,Financial,,,United States,Virginia,McLean,,IPO,1994-11-16,,,,,,,,,,COF,14040H105,19941115,Capitol One Financial,0,0,81055,0,0,.,1953
Capitol Bancorp,http://www.capitolbancorp.com,"Capitol Bancorp is a Financial/Retail Banking company based in Lansing, Michigan.",Public,,Financial,Retail Banking,,United States,Michigan,Lansing,,IPO,2003-05-07,,,,,,,,,,CBNK,139737100,20180926,Capital Bancorp Inc,1,0,18108,0,0,.,1998
CatchMark,http://www.catchmark.com,"CatchMark (NYSE: CTT) seeks to deliver consistent and growing per share cash flow from acquisitions and management of prime timberlands located in high-demand U.S. mill markets. Concentrating on maximizing cash flows throughout business cycles, the company strategically harvests its high-quality timberlands to produce durable revenue growth and takes advantage of proximate mill markets, which provide a reliable outlet for merchantable inventory.",Public,,Financial,Real Estate,REITs,United States,Georgia,Atlanta,,IPO,2013-12-12,,,,,,1188.27,1188.27,46.598823529412,46.598823529412,CTT,14912Y202,20131212,CatchMark Timber Trust Inc,0,0,14334,1,0,23428000,2005
Cboe,http://www.cboe.com,"Cboe, formerly Chicago Board Options Exchange (NASDAQ: CBOE), is the holding company for Chicago Board Options Exchange (CBOE), the CBOE Futures Exchange (CFE), and other subsidiaries. CBOE operates an option exchange for trading in equity, index, and exchange traded fund (ETF) options.",Public,,Financial,Stock Exchanges,,United States,Illinois,Chicago,,IPO,2010-06-15,,,,,,403.62,403.62,,,CBOE,12503M10,20100614,CBOE Holdings Inc,0,0,93429,0,0,.,1973
Chatham Lodging Trust,http://www.chathamlodgingtrust.com,"Chatham Lodging Trust is focused primarily on investing in upscale extended-stay hotels and premium-branded, select-service hotels. The company focuses on acquiring hotel properties in markets that have strong demand generators and where they expect demand growth will outpace new supply. CLT will also seek to acquire properties that they believe are under managed or undercapitalized.",Public,,Financial,Real Estate,REITs,United States,Florida,West Palm Beach,,IPO,2010-04-16,,,,,,161.53,161.53,,,CLDT,16208T10,20100415,Chatham Lodging Trust,0,0,93314,0,0,.,2009
Chelsea Gca Realty,,"Real estate investment trust formed by merger of Chelsea and GCA to continue their upscale and fashion-oriented manufacturers' outlet center businesses. The company owns and operates 12 manufacturers' outlet centers with a total of approximately 1.6 million square feet of GLA. These centers are 100% leased and contain 496 stores with 254 different tenants. The properties are located near large metropolitan areas including New York, Los Angeles, San Francisco, Sacramento, Portland (Oregon), Kansas City, Cleveland, Santa Fe, and the Monterey Peninsula.",Public,,Financial,Real Estate,,United States,New Jersey,Roseland,,IPO,1993-10-26,,,,,,,,,,ABR,038923108,20040406,"Arbor Realty Trust, Inc",0,0,90102,.,0,14950000,-99
Cherry Hill Mortgage Investment Corporation,http://www.chmireit.com,"Cherry Hill Mortgage Investment Corporation (CHMI) is a newly formed residential real estate finance company that will acquire, invest in and manage residential mortgage assets in the United States. The company will be externally managed and advised by Cherry Hill Mortgage Management, an affiliate of Freedom Mortgage Corporation. CHMI's principal objective is to generate attractive current yields and risk-adjusted total returns for stockholders over the long term, primarily through dividend distributions and secondarily through capital appreciation. The company intends to attain this objective by selectively constructing and actively managing a targeted portfolio of ExcessMSRs, Agency RMBS, prime jumbo mortgage loans and other stable and cashflowing residential mortgage assets.",Public,,Financial,Real Estate,REITs,United States,New Jersey,Moorestown,,IPO,2013-10-04,,,,,,150.0,150.0,,,CHMI,164651101,20131004,Cherry Hill Mortgage Inv,0,0,14183,0,0,.,2012
Chimera Investment Corporation,http://www.chimerareit.com,"Chimera Investment Corporation invests in residential mortgage loans, residential mortgage-backed securities, real estate-related securities and various other asset classes. The Company's principal business objective is to generate income from the spread between yields on its investments and its cost of borrowing and hedging activities. The Company is a Maryland corporation that has elected to be taxed as a real estate investment trust (""REIT"").",Public,,Financial,Real Estate,REITs,United States,New York,New York,,IPO,2007-11-16,,,,,,554.32,554.32,,,CIM,125527101,19871111,CIM High Yield Securities,0,0,75212,1,0,3661000,-99
Chimera Investment Corporation,http://www.chimerareit.com,"Chimera Investment Corporation invests in residential mortgage loans, residential mortgage-backed securities, real estate-related securities and various other asset classes. The Company's principal business objective is to generate income from the spread between yields on its investments and its cost of borrowing and hedging activities. The Company is a Maryland corporation that has elected to be taxed as a real estate investment trust (""REIT"").",Public,,Financial,Real Estate,REITs,United States,New York,New York,,IPO,2007-11-16,,,,,,554.32,554.32,,,CIM,16934Q109,20071115,Chimera Inv Corp,0,0,92385,0,9,.,2007
Citizens Financial Group,http://www.citizensbank.com,"Citizens Financial Group is a retail bank holding company in the United States with $130.3 billion of total assets as of June 30, 2014. Headquartered in Providence, Rhode Island, the bank delivers a broad range of retail and commercial banking products and services to more than five million individuals, institutions and companies. Its approximately employees strive to meet the financial needs of customers and prospects through approximately 1,230 branches and approximately 3,215 ATMs operated in an 11-state footprint across the New England, Mid-Atlantic and Midwest regions and through our online, telephone and mobile banking platforms. Citizens has 90 retail and commercial non-branch offices located both in its geographic footprint and in nine states and the District of Columbia outside our branch footprint. Its 11-state branch banking footprint contains approximately 29.9 million households and 3.1 million businesses according to SNL Financial.",Public,,Financial,Retail Banking,,United States,Rhode Island,Providence,,IPO,2014-09-24,,,,,,,,,,CFG,174610105,20140924,Citizens Financial Group Inc,0,0,14889,0,0,.,1900
Clipper Realty,http://www.clipperrealty.com,"Clipper Realty is real estate company that acquires, owns, manages, operates and repositions multi-family residential and commercial properties in the New York metropolitan area, with an initial portfolio in Manhattan and Brooklyn.",Public,,Financial,Real Estate,REITs,United States,New York,Brooklyn,,IPO,2017-02-10,,,,,,248.71,248.71,3.6165479133343,3.6165479133343,CLPR,18885T108,20170210,Clipper Realty Inc,0,0,16577,0,0,.,2015
Cohen & Steers,http://www.cohenandsteers.com,"Cohen & Steers is a global investment manager specializing in liquid real assets, including real estate securities, listed infrastructure, commodities and natural resource equities, as well as preferred securities and other income solutions.",Public,,Financial,Investment Firms & Funds,,United States,New York,New York,,IPO,2004-08-13,,,,,,444.6,444.6,,,CNS,21014900,19850620,Consolidated Stores,0,0,67467,0,0,.,1983
Cohen & Steers,http://www.cohenandsteers.com,"Cohen & Steers is a global investment manager specializing in liquid real assets, including real estate securities, listed infrastructure, commodities and natural resource equities, as well as preferred securities and other income solutions.",Public,,Financial,Investment Firms & Funds,,United States,New York,New York,,IPO,2004-08-13,,,,,,444.6,444.6,,,CNS,19247A100,20040812,Cohen & Steers Inc,0,0,90303,0,0,.,1986
Community Healthcare Trust,http://www.communityhealthcaretrust.com,"Community Healthcare Trust is a fully-integrated healthcare real estate company that was recently organized as a Maryland corporation to acquire and own properties that are leased to hospitals, doctors, healthcare systems or other healthcare service providers in Non-Urban markets. Its strategic focus is to invest in real estate that is diversified across healthcare provider, geography, facility type and industry segment.",Public,,Financial,Real Estate,REITs,United States,Tennessee,Franklin,,IPO,2015-05-21,,,,,,124.78,124.78,8.8496453900709,10.312396694215,CHCT,20369C106,20150521,Community Healthcare Trust Inc,0,0,15343,0,0,.,2014
ConnectOne Bancorp,http://www.connectonebank.com,"ConnectOne is a New Jersey corporation and a registered bank holding company that serves as the holding company for the ConnectOne Bank, a community-based, full-service New Jersey-chartered commercial bank.",Public,,Financial,Retail Banking,,United States,New Jersey,Englewood Cliffs,,IPO,2013-02-12,,,,,,133.08,133.08,,,CNOB,20786U101,20130211,ConnectOne Bancorp Inc,0,0,13791,0,0,.,2005
County Bancorp,,"County Bancorp is a Wisconsin corporation and registered bank holding company founded in May 1996, and its wholly-owned subsidiary Investors Community Bank, is a Wisconsin-chartered bank, are headquartered in Manitowoc, Wisconsin. The bank provides financial services to agricultural businesses statewide, with a primary focus on dairy-related lending. County Bancorp also serves business and retail customers throughout Wisconsin, with a focus on Northeastern and Central Wisconsin. Its customers are served from full-service locations in Manitowoc and Stevens Point, and its loan production offices in Darlington, Eau Claire and Fond du Lac.",Public,,Financial,Retail Banking,,United States,Wisconsin,Manitowoc,,IPO,2015-01-16,,,,,,86.58,86.58,3.0943531093638,3.0943531093638,ICBK,221907108,20150116,County Bancorp Inc,0,0,15180,0,0,.,1996
Digital Realty Trust,http://www.digitalrealtytrust.com,Provider of real estate investment trust services. The company owned 75 properties. Its properties are primarily located throughout North America with 13 properties in Europe.,Public,,Financial,Investment Firms & Funds,,United States,California,San Francisco,,IPO,2004-11-05,,,,,,,,,,DLR,253868103,20041028,Digital Realty Trust Inc,0,0,90373,0,0,.,-99
DoubleLine Yield Opportunities Fund,,"DoubleLine Yield Opportunities Fund delivers an investment fund headed under DoubleLine, which operates as an investment advisor.",Public,,Financial,Investment Firms & Funds,,United States,California,Los Angeles,,IPO,2020-02-26,,,,,,,,,,DLY,25862D105,20200226,DoubleLine Yield,0,0,19208,0,0,.,2019
Douglas Emmett,http://www.douglasemmett.com,"Douglas Emmett (DEI) is a fully integrated, self-administered and self-managed real estate investment trust (REIT), and one of the largest owners and operators of high-quality office and multifamily properties located in the premier coastal submarkets of Los Angeles and Honolulu.  Douglas Emmett focuses on owning and acquiring a substantial share of top-tier office properties and premier multifamily communities in neighborhoods that possess significant supply constraints, high-end executive housing and key lifestyle amenities.",Public,,Financial,Real Estate,REITs,United States,California,Santa Monica,,IPO,2006-10-24,,,,,,3465.0,3465.0,,,DEI,25960P109,20061023,Douglas Emmett Inc,0,0,91519,0,0,.,1973
Duff & Phelps Investment Management,http://www.dpimc.com,"Duff & Phelps Investment Management Co., which manages more than $9.9 billion in mutual fund and institutional assets, including $5.6 billion in closed-end funds, as of April 30, 2014, has been a leader in investing in real estate investment trusts, infrastructure and utility companies and in developing and managing focused investment strategies for specialized clients, including nuclear decommissioning trusts. It is an affiliated manager of Virtus Investment Partners.",Public,,Financial,Asset/Financial Management,,United States,Illinois,Chicago,,IPO,2014-06-27,,,,,,,,,,DUC,26432K108,19930121,Duff & Phelps Utlty&Corp Bd Tr,0,0,78852,0,0,.,-99
Easterly Government Properties,http://www.easterlyreit.com,"Easterly Government Properties is a newly organized and internally managed Maryland corporation that intends to qualify as a real estate investment trust, or REIT, focused primarily on the acquisition, development and management of Class A commercial properties that are leased to U.S. Government agencies that serve essential functions.",Public,,Financial,Real Estate,REITs,United States,DC,Washington,,IPO,2015-02-06,,,,,,335.52,335.52,4.3881768244834,4.3881768244834,DEA,27616P103,20150205,Easterly Government Properties,0,0,15194,0,0,.,2014
Eaton Vance Municipal Income Term Trust,,"Eaton Vance Municipal Income Term Trust, managed by Eaton Vance Management, a wholly-owned subsidiary of Eaton Vance Corp., aims to provide current income exempt from regular federal income tax.  The Trust will seek to achieve its investment objective by investing primarily in municipal obligations, a portion of which will be investment grade and a portion of which may be below investment grade at the time of investment.  The Trust has a term of fifteen years and currently intends to cease its investment operations on or about June 30, 2028 and thereafter liquidate and distribute its net assets to holders of the Trust's common shares.",Public,,Financial,Investment Firms & Funds,,United States,Massachusetts,Boston,,IPO,2013-03-26,,,,,,,,,,EOT,294103106,19940318,"EOTT Energy Partners, LP",0,0,80387,0,0,.,1984
Eaton Vance Municipal Income Term Trust,,"Eaton Vance Municipal Income Term Trust, managed by Eaton Vance Management, a wholly-owned subsidiary of Eaton Vance Corp., aims to provide current income exempt from regular federal income tax.  The Trust will seek to achieve its investment objective by investing primarily in municipal obligations, a portion of which will be investment grade and a portion of which may be below investment grade at the time of investment.  The Trust has a term of fifteen years and currently intends to cease its investment operations on or about June 30, 2028 and thereafter liquidate and distribute its net assets to holders of the Trust's common shares.",Public,,Financial,Investment Firms & Funds,,United States,Massachusetts,Boston,,IPO,2013-03-26,,,,,,,,,,EOT,27829L105,20090526,Eaton Vance Natl Municipal Opp,0,0,92927,0,0,.,2009
Ellington Residential Mortgage REIT,http://www.earnreit.com,"Ellington Residential Mortgage REIT is a Maryland real estate investment trust that specializes in acquiring, investing in and managing residential mortgage- and real estate-related assets. Its primary objective is to generate attractive current yields and risk-adjusted total returns for shareholders by making investments believed to compensate appropriately for the risks associated with them. The company seeks to attain this objective by constructing and actively managing a portfolio comprised primarily of Agency RMBS. Ellington also expects to opportunistically acquire non-Agency RMBS and other types of residential mortgage-related and real estate-related asset classes, such as residential whole mortgage loans, MSRs, and residential real properties.",Public,,Financial,Real Estate,REITs,United States,Connecticut,Old Greenwich,,IPO,2013-05-01,,,,,,182.66,182.66,,,EARN,288578107,20130501,Ellington Residential,0,0,13894,0,0,.,2012
Empire State Realty Trust,http://www.empirestaterealtytrust.com,"Empire State Realty Trust is a self-administered and self-managed real estate investment trust, or REIT, that owns, manages, operates, acquires and repositions office and retail properties in Manhattan and the greater New York metropolitan area. The company was formed to continue and expand the commercial real estate business of it's predecessor Malkin Holdings and its affiliates. Empire's primary focus will be to continue to own, manage and operate it's current portfolio and to acquire and reposition office and retail properties in Manhattan and the greater New York metropolitan area.",Public,,Financial,Real Estate,REITs,United States,New York,New York,,IPO,2013-10-02,,,,,,1165.81,1165.81,5.5860565404887,7.4397574984046,ESRT,292104106,20131002,Empire State Realty Trust,0,0,14196,0,0,.,1934
Equity Bancshares,http://www.equitybank.com,"Equity Bancshares (NASDAQ: EQBK) is a bank holding company that operates through its wholly-owned subsidiary, Equity Bank. Equity Bank is a Kansas-based full-service community bank that provides a full range of financial services, including commercial loans, consumer banking, mortgage loans, and treasury management services to businesses, business owners, and individuals.",Public,,Financial,Retail Banking,,United States,Kansas,Wichita,,IPO,2015-11-11,,,,,,150.98,150.98,5.027639027639,5.027639027639,EQBK,29460X109,20151111,Equity Bancshares Inc,0,0,15838,1,0,7285805,2003
Essential Properties Realty Trust,http://www.essentialproperties.com,"Essential Properties Realty Trust is an internally managed real estate company that acquires, owns, and manages primarily single-tenant properties that are not leased on a long-term basis to middle-market companies operating service-oriented or experience-based businesses.",Public,,Financial,Real Estate,Residential Real Estate Investment,United States,New Jersey,Princeton,,IPO,2018-06-21,,,,,,573.72,573.72,,,EPRT,29670E107,20180621,Essential Properties Realty,0,0,17919,0,0,.,2016
Evercore,http://www.evercore.com,"Evercore (NYSE: EVR) is a global independent investment banking advisory firm.  The firm is dedicated to helping clients achieve superior results through trusted independent and advice on matters of strategic significance to boards of directors, management teams, and shareholders, including mergers and acquisitions, strategic shareholder advisory, restructurings, and capital structure.  Evercore also assists clients in raising public and private capital and delivers equity research and equity sales and agency trading execution, in addition to providing wealth and investment management services to high net worth and institutional investors.  Founded in 1995, the Firm is headquartered in New York and maintains offices and affiliate offices in major financial centers in North America, Europe, South America, the Middle East, and Asia.",Public,,Financial,Investment Banking,,United States,New York,New York,,IPO,2006-08-11,,,,,,569.87,569.87,,,EVR,299761106,19961007,EVEREN Capital,0,0,84027,0,0,.,1990
Evercore,http://www.evercore.com,"Evercore (NYSE: EVR) is a global independent investment banking advisory firm.  The firm is dedicated to helping clients achieve superior results through trusted independent and advice on matters of strategic significance to boards of directors, management teams, and shareholders, including mergers and acquisitions, strategic shareholder advisory, restructurings, and capital structure.  Evercore also assists clients in raising public and private capital and delivers equity research and equity sales and agency trading execution, in addition to providing wealth and investment management services to high net worth and institutional investors.  Founded in 1995, the Firm is headquartered in New York and maintains offices and affiliate offices in major financial centers in North America, Europe, South America, the Middle East, and Asia.",Public,,Financial,Investment Banking,,United States,New York,New York,,IPO,2006-08-11,,,,,,569.87,569.87,,,EVR,29977A105,20060810,Evercore Partners Inc,0,0,91413,1,0,27132067,1996
FS Bancorp,http://www.fsbwa.com,"FS Bancorp is the holding company  of 1st Security Bank of Washington. 1st Security Bank of Washington is a relationship-driven community bank delivering banking and financial services to local families, local and regional businesses and industry niches within distinct Puget Sound area communities. The company emphasizes long-term relationships with families and businesses within the communitiesd serve, working with them to meet financial needs. 1st Security is also actively involved in community activities and events within these market areas, which further strengthens relationships within these markets. Originally chartered as a credit union, previously known as Washington's Credit Union, the company served various select employment groups.  In July 2012, FS Bancorp went public.",Public,,Financial,Retail Banking,,United States,Washington,Mountlake Terrace,,IPO,2012-07-11,,,,,,,,,,FSBW,30263Y104,20120710,FS Bancorp Inc,0,0,13528,0,0,.,-99
Fifth Street Asset Management,http://www.fifthstreetfinance.com,Fifth Street Asset Management (NASDAQ:FSAM) is an asset manager that provides credit solutions to growing small & mid-sized businesses.,Public,,Financial,Asset/Financial Management,,United States,Connecticut,Greenwich,,IPO,2014-10-30,,,,,,,,,,FSAM,318598109,19860514,First American Savings FA PA,0,0,10251,0,0,.,1984
Fifth Street Asset Management,http://www.fifthstreetfinance.com,Fifth Street Asset Management (NASDAQ:FSAM) is an asset manager that provides credit solutions to growing small & mid-sized businesses.,Public,,Financial,Asset/Financial Management,,United States,Connecticut,Greenwich,,IPO,2014-10-30,,,,,,,,,,FSAM,31679P109,20141030,Fifth St Asset Mgmt Inc,0,0,15008,1,0,48857000,1998
Fifth Street Finance,http://www.fifthstreetcap.com,Fifth Street Finance Corp. is a specialty finance company that lends to and invests in small and mid-sized companies in connection with an investment by private equity sponsors. Fifth Street Finance Corp's investment objective is to maximize its portfolio's total return by generating current income from its debt investments and capital appreciation from its equity investments.,Public,,Financial,Asset/Financial Management,,United States,New York,White Plains,,IPO,2008-06-16,,,,,,,,,,FSAM,318598109,19860514,First American Savings FA PA,0,0,10251,0,0,.,1984
Fifth Street Finance,http://www.fifthstreetcap.com,Fifth Street Finance Corp. is a specialty finance company that lends to and invests in small and mid-sized companies in connection with an investment by private equity sponsors. Fifth Street Finance Corp's investment objective is to maximize its portfolio's total return by generating current income from its debt investments and capital appreciation from its equity investments.,Public,,Financial,Asset/Financial Management,,United States,New York,White Plains,,IPO,2008-06-16,,,,,,,,,,FSAM,31679P109,20141030,Fifth St Asset Mgmt Inc,0,0,15008,1,0,48857000,1998
First Hawaiian Bank,http://www.fhb.com,"First Hawaiian (NASDAQ: FHB) is a bank holding company headquartered in Honolulu, Hawaii. The Company's principal subsidiary, First Hawaiian Bank, founded in 1858, is Hawaii's oldest and largest financial institution. The bank has 57 branches throughout Hawaii, three in Guam and two in Saipan. First Hawaiian Bank offers a diversified range of banking services to consumer and commercial customers, including deposit products, lending services and wealth management, insurance, private banking and trust services.",Public,,Financial,Retail Banking,,United States,Hawaii,Honolulu,,IPO,2016-08-04,,,,,,3210.0,3210.0,,,FHB,32051X108,20160804,First Hawaiian,0,0,16253,0,0,.,1900
First Interstate BancSystem,http://www.firstinterstatebank.com,"First Interstate Bancystem (NASDAQ: FIBK) is a financial holding company for First Interstate Bank, a community banking organization operating over 80 banking offices, along with online and mobile banking services, throughout Montana, Wyoming, and South Dakota. ",Public,,Financial,Retail Banking,,United States,Montana,Billings,,IPO,2010-03-24,,,,,,145.0,145.0,,,FIBK,32055Y20,20100323,First Interstate BancSystem In,0,0,93304,1,0,11500000,1968
GWG Holdings,http://www.gwgh.com,"GWG Holdings provide financial solutions to consumers in the emerging secondary market for life insurance assets. The company targets its financial solution offerings toward consumers owning life insurance who can benefit from realizing the actuarial value of their life insurance policy. The company has expanded its services by offering consumers a range of options to access the actuarial value of their life insurance, including purchasing (i) all or a portion of their life insurance policy for cash, (ii) all or a portion of their life insurance policy in exchange for a different asset, and (iii) all or a portion of their life insurance policy in an installment sale that provides the selling consumer with a stream of cash flow. All of its services involve its purchase or financing of life insurance assets from consumers in the secondary market at a discount to the face value of the life insurance asset it obtains.",Public,,Financial,Insurance,Life Insurance,United States,Minnesota,Minneapolis,,IPO,2014-09-25,,,,,,73.73,73.73,6.6966394187103,6.6966394187103,GWGH,36192A109,20140922,GWG Holdings Inc,0,0,14930,0,0,.,2008
Genworth Financial,http://www.genworth.com,"Genworth Financial (NYSE: GNW) is an insurance holding company that offers insurance, wealth management, investment, and financial solutions. The Company offers products that include life insurance products, long-term care insurance, and mortgage guarantee insurance coverage on residential mortgage loans.",Public,,Financial,Insurance,Life Insurance,United States,Virginia,Richmond,,IPO,2004-05-25,,,,,,9545.79,9545.79,,,GNW,37247D106,20040524,Genworth Financial Inc,0,0,90162,1,0,470237000,1900
Gladstone Land Corp.,http://www.gladstoneland.com,"Gladstone Land Corp. is a real estate company formed to invest in farmland located in major agricultural markets throughout the United States. The company's farmland is predominantly concentrated in locations where tenants are able to grow annual row crops such as berries, lettuce and melons, among others, which are planted and harvested annually or more frequently. Gladstone may also acquire property related to farming, such as storage facilities utilized for cooling crops, processing plants, packaging buildings and distribution centers.    In January 2013, Gladstone Land Corp. went public with a valuation of $91.25 million.",Public,,Financial,Real Estate,Commercial Real Estate Development,United States,Virginia,McLean,,IPO,2013-01-30,,,,,,91.25,91.25,,,LAND,514759109,19931116,Landair Services,0,0,79841,0,0,.,1981
Gladstone Land Corp.,http://www.gladstoneland.com,"Gladstone Land Corp. is a real estate company formed to invest in farmland located in major agricultural markets throughout the United States. The company's farmland is predominantly concentrated in locations where tenants are able to grow annual row crops such as berries, lettuce and melons, among others, which are planted and harvested annually or more frequently. Gladstone may also acquire property related to farming, such as storage facilities utilized for cooling crops, processing plants, packaging buildings and distribution centers.    In January 2013, Gladstone Land Corp. went public with a valuation of $91.25 million.",Public,,Financial,Real Estate,Commercial Real Estate Development,United States,Virginia,McLean,,IPO,2013-01-30,,,,,,91.25,91.25,,,LAND,376549101,20130128,Gladstone Land Corp,0,0,13756,0,0,.,1997
Goosehead Insurance,http://www.gooseheadinsurance.com,Goosehead Insurance is a personal lines insurance company.,Public,,Financial,Insurance,,United States,Texas,Roanoke,,IPO,2018-04-27,,,,,,122.5,122.5,,,GSHD,38267D109,20180427,Goosehead Insurance Inc,0,0,17688,1,0,35000434,2017
Granite Point Mortgage Trust,http://www.gpmortgagetrust.com,"Granite Point Mortgage Trust (NYSE: GPMT) focuses primarily on directly originating, investing in, and managing senior floating-rate commercial mortgage loans and other debt and debt-like commercial real estate investments.",Public,,Financial,Real Estate,REITs,United States,New York,New York,,IPO,2017-06-23,,,,,,843.08,843.08,,,GPMT,38741L107,20170623,Granite Point Mtg Tr Inc,0,0,16764,0,0,.,-99
Great Ajax Corporation,http://www.great-ajax.com,"Great Ajax Corp. focuses primarily on acquiring, investing in and managing a portfolio of re-performing and non-performing mortgage loans secured by single-family residences and, to a lesser extent, of single-family properties themselves. the company also invests in loans secured by multi-family residential and commercial mixed use retail/residential properties, as well as in the properties directly. The multi-family and commercial mixed-use properties generally have loan values of up to approximately $5 million. We refer to these as ""smaller commercial properties.""",Public,,Financial,Investment Firms & Funds,,United States,Oregon,Beaverton,,IPO,2015-02-13,,,,,,222.37,222.37,97.10480349345,97.10480349345,AJX,853097103,19980122,Standard Automotive Corp,0,1,85775,0,0,.,1997
Great Ajax Corporation,http://www.great-ajax.com,"Great Ajax Corp. focuses primarily on acquiring, investing in and managing a portfolio of re-performing and non-performing mortgage loans secured by single-family residences and, to a lesser extent, of single-family properties themselves. the company also invests in loans secured by multi-family residential and commercial mixed use retail/residential properties, as well as in the properties directly. The multi-family and commercial mixed-use properties generally have loan values of up to approximately $5 million. We refer to these as ""smaller commercial properties.""",Public,,Financial,Investment Firms & Funds,,United States,Oregon,Beaverton,,IPO,2015-02-13,,,,,,222.37,222.37,97.10480349345,97.10480349345,AJX,38983D30,20150213,Great Ajax Corp,0,0,15196,0,0,.,2014
Great Western Bancorp,http://www.greatwesternbank.com,"Great Western Bancorp is a full-service regional bank holding company focused on relationship-based business and agribusiness banking. We serve our customers through 162 branches in attractive markets in seven states: South Dakota, Iowa, Nebraska, Colorado, Arizona, Kansas and Missouri. The company was established more than 70 years ago and has achieved strong market positions by developing and maintaining extensive local relationships in the communities it serves.",Public,,Financial,Retail Banking,,United States,South Dakota,Sioux Falls,,IPO,2014-10-15,,,,,,1041.95,1041.95,3.3902193010998,3.3902193010998,GWB,391416104,20141015,Great Western Bancorp Inc,0,0,14969,0,0,.,1944
Guaranty Bancshares,http://www.gnty.com,"Guaranty Bancshares (NASDAQ: GNTY) is the holding company of Guaranty Bank & Trust, a community bank in Texas. The bank offers a full array of commercial and consumer banking, as well as mortgage, trust, and wealth management products and services that are tailored to meet the needs of small and medium-sized business, professionals, and individuals.",Public,,Financial,Retail Banking,,United States,Texas,Mount Pleasant,,IPO,2017-05-09,,,,,,290.36,290.36,3.7357830271216,3.7357830271216,GNTY,400764106,19980518,Guaranty Bancshares Inc,0,0,86067,0,0,.,1913
Guaranty Bancshares,http://www.gnty.com,"Guaranty Bancshares (NASDAQ: GNTY) is the holding company of Guaranty Bank & Trust, a community bank in Texas. The bank offers a full array of commercial and consumer banking, as well as mortgage, trust, and wealth management products and services that are tailored to meet the needs of small and medium-sized business, professionals, and individuals.",Public,,Financial,Retail Banking,,United States,Texas,Mount Pleasant,,IPO,2017-05-09,,,,,,290.36,290.36,3.7357830271216,3.7357830271216,GNTY,400764106,20170509,Guaranty Bancshares Inc,0,0,86067,0,0,.,1913
Hannon Armstrong Sustainable Infrastructure Capital,,"Hannon Armstrong Sustainable Infrastructure Capital is a specialty finance company that provides debt and equity financing for sustainable infrastructure projects. It focuses on profitable sustainable infrastructure projects that increase energy efficiency, provide cleaner energy sources, positively impact the environment or make more efficient use of natural resources.  In April 2013, Hannon Armstrong Sustainable Infrastructure Capital went public with a valuation of $189 million.",Public,,Financial,Investment Firms & Funds,,United States,Maryland,Annapolis,,IPO,2013-04-18,,,,,,189.09,189.09,,,HASI,41068X100,20130417,Hannon Armstrong,0,0,13843,0,0,.,2012
Harbor Custom Development,http://www.harborcustomdev.com,"Harbor Custom Development builds new construction homes in Allyn, Bainbridge Island, Bremerton, Central Kitsap, and other locations in Seattle.",Public,,Financial,Real Estate,Commercial Real Estate Development,United States,Washington,Gig Harbor,,IPO,2020-08-28,,,,,,32.22,32.22,,,HCDI,41150T108,20200828,Harbor Custom Development Inc,0,0,19631,0,0,.,2014
Heritage Insurance Holdings,http://www.heritagepci.com,"Heritage Insurance Holdings is a property and casualty insurance holding company headquartered in Clearwater, Florida and, through its subsidiary, Heritage Property & Casualty Insurance Company, provides personal residential insurance for single-family homeowners and condominium owners in Florida. The companyis vertically integrated and control or manage substantially all aspects of insurance underwriting, actuarial analysis, distribution and claims processing and adjusting.",Public,,Financial,Insurance,Property & Casualty,United States,Florida,Clearwater,,IPO,2014-05-23,,,,,,321.16,321.16,4.5502975347124,4.5502975347124,HRTG,42727J102,20140523,Heritage Insurance Hldg LLC,0,0,14625,0,0,.,2012
Houlihan Lokey,http://www.hl.com,"Houlihan Lokey is an advisory-focused investment bank with expertise in mergers and acquisitions, capital markets, financial restructuring, and valuation. The company's independent advice and intellectual rigor embody their commitment to client success.",Public,,Financial,Investment Banking,,United States,California,Los Angeles,,IPO,2015-08-13,,,,,,274.42,274.42,1.8762477779297,1.8762477779297,HLI,416592103,19970521,Hartford Life,0,0,84778,1,0,137000096,1968
Houlihan Lokey,http://www.hl.com,"Houlihan Lokey is an advisory-focused investment bank with expertise in mergers and acquisitions, capital markets, financial restructuring, and valuation. The company's independent advice and intellectual rigor embody their commitment to client success.",Public,,Financial,Investment Banking,,United States,California,Los Angeles,,IPO,2015-08-13,,,,,,274.42,274.42,1.8762477779297,1.8762477779297,HLI,441593100,20150813,Houlihan Lokey Inc,0,0,15623,1,0,65213000,1972
Independence Realty Trust,http://www.irtliving.com,"Independence Realty Trust a Maryland corporation that owns well-located apartment properties in geographic submarkets that we believe support strong occupancy and has the potential for growth in rental rates. The company seeks to provide stockholders with attractive risk-adjusted returns, with an emphasis on distributions and capital appreciation. Independence Realty Trust is externally advised by a wholly-owned subsidiary of RAIT, a REIT that invests primarily in commercial mortgages and, to a lesser extent, apartment properties.",Public,,Financial,Real Estate,REITs,United States,Pennsylvania,Philadelphia,,IPO,2013-08-13,,,,,,81.97,81.97,17.514957264957,17.514957264957,IRT,,20130813,Independence Realty Trust,0,0,14071,0,0,.,2012
Independent Bank Group,http://www.independent-bank.com,"Independent Bank Group (NASDAQ:IBTX) is the bank holding company for Independent Bank, a Texas state chartered bank that provides a range of relationship-driven commercial banking products and services tailored to meet the needs of businesses, professionals, and individuals. Independent Bank Group operates 41 banking offices in three market regions located in the Dallas/Ft. Worth, Austin, and Houston, Texas areas.",Public,,Financial,Retail Banking,,United States,Texas,McKinney,,IPO,2013-04-03,,,,,,298.21,298.21,,,IBTX,45384B106,20130402,Independent Bank Group Inc,0,0,13877,0,0,.,2013
Industrial Logistics Properties Trust,,Industrial Logistics Properties Trust was recently formed to own and lease industrial and logistics properties throughout the United States.,Public,,Financial,Real Estate,REITs,United States,Massachusetts,Newton,,IPO,2018-01-12,,,,,,1560.0,1560.0,,,ILPT,456237106,20180112,Industrial Logistics Ppty Tr,0,0,17222,0,0,.,2015
Innovative Industrial Properties,http://www.innovativeindustrialproperties.com,"Innovative Industrial Properties is a newly-formed, self-advised Maryland corporation focused on the acquisition, ownership and management of specialized industrial properties leased to experienced, state-licensed operators for their regulated medical-use cannabis facilities.",Public,,Financial,Real Estate,REITs,United States,California,San Diego,,IPO,2016-12-01,,,,,,,,,,IIPR,45781V101,20161201,Innovative Industrial Ppty Inc,0,0,16515,1,0,3350000,2016
Investar Holding Corp.,http://www.investarbank.com,"Investar Holding Corp. (Nasdaq:ISTR) is a bank holding company headquartered in Baton Rouge, Louisiana, offering a wide range of commercial banking products tailored to meet the needs of individuals and small to medium-sized businesses through Investar Bank, its Louisiana-chartered commercial bank subsidiary.",Public,,Financial,Retail Banking,,United States,Louisiana,Baton Rouge,,IPO,2014-07-01,,,,,,95.48,95.48,11.905236907731,11.905236907731,ISTR,46134L105,20140701,Investar Holding Corp,0,0,14810,0,0,.,2006
JMP Group,http://www.jmpg.com,"JMP Group is a full-service investment banking and asset management firm that provides investment banking, sales and trading, and equity research services to corporate and institutional clients and alternative asset management products to institutional and high-net-worth investors.",Public,,Financial,Investment Banking,,United States,California,San Francisco,,IPO,2007-05-12,,,,,,,,,,JMP,46629U107,20070510,JMP Group Inc,0,0,92010,0,0,.,1999
KKR Real Estate Finance Trust,http://www.kkrreit.com,"KKR Real Estate Finance Trust (NYSE: KREF) is a real estate finance company that focuses primarily on originating and acquiring senior loans secured by commercial real estate (CRE) assets. Its investment strategy is to originate or acquire senior loans collateralized by institutional-quality CRE assets that are owned and operated by experienced and well-capitalized sponsors and located in liquid markets with strong underlying fundamentals. Its target assets also include mezzanine loans, preferred equity, and other debt-oriented instruments with these characteristics. Its investment objective is capital preservation and generating attractive risk-adjusted returns for its stockholders over the long term, primarily through dividends.",Public,,Financial,Real Estate,REITs,United States,New York,New York,,IPO,2017-05-05,,,,,,1064.44,1064.44,25.839058138124,25.839058138124,KREF,48251K100,20170505,KKR Real Estate Fin Trust,0,0,16691,0,0,.,2014
Kinsale Capital Group,http://www.kinsaleins.com,"Kinsale Capital Group is an established and growing specialty insurance company focused exclusively on the excess and surplus lines (""E&S"") market in the U.S. The company markets and sell these insurance products in all 50 states and the District of Columbia through a network of independent insurance brokers.",Public,,Financial,Insurance,,United States,Virginia,Richmond,,IPO,2016-07-28,,,,,,,,,,KNSL,49714P108,20160728,Kinsale Capital Group Inc,2,0,16171,0,0,.,2009
Ladder Capital,http://www.laddercapital.com,Ladder Capital is a commercial real estate finance company with a proprietary loan origination platform and an established national footprint.,Public,,Financial,Real Estate,Commercial Real Estate Investment,United States,New York,New York,,IPO,2014-02-06,,,,,,826.44,826.44,2.76966386273,2.76966386273,LADR,505743104,20140206,Ladder Capital,2,0,14489,1,0,97152000,2008
MGM Growth Properties,http://www.mgmgrowthproperties.com,"MGM Growth Properties is an REIT engaged in the acquisition, ownership and leasing of large-scale destination entertainment and leisure resorts, whose diverse amenities include casino gaming, hotel, convention, dining, entertainment and retail offerings.",Public,,Financial,Real Estate,REITs,United States,Nevada,Las Vegas,,IPO,2016-04-20,,,,,,,,,,MGP,55303A105,20160420,MGM Growth Properties LLC,0,0,16042,1,0,50000000,-99
Main Street Capital,http://www.mainstcapital.com,"Main Street is a principal investment firm that provides long-term debt and equity capital to lower middle market companies and debt capital to middle market companies. Main Street's portfolio investments are typically made to support management buyouts, recapitalizations, growth financings, refinancings, and acquisitions of companies that operate in diverse industry sectors. Main Street seeks to partner with entrepreneurs, business owners, and management teams and generally provides ""one-stop"" financing alternatives within its lower middle market portfolio. Main Street's lower middle market companies generally have annual revenues between $10 million and $150 million. Main Street's middle market debt investments are made in businesses that are generally larger in size than its lower middle market portfolio companies.",Public,,Financial,Asset/Financial Management,,United States,Texas,Houston,,IPO,2007-10-22,,,,,,,,,,MAIN,56035L104,20071004,Main Street Capital Corp,0,0,92309,0,0,.,2002
Medalist Diversified REIT,http://www.medalistreit.com,"Medalist Diversified REIT was formed in 2015 as a Maryland corporation, to acquire, reposition, renovate, lease and manage income-producing properties, with a primary focus on (i) commercial properties, including flex-industrial, and retail properties, and (ii) multi-family residential properties.",Public,,Financial,Real Estate,REITs,United States,Virginia,Richmond,,IPO,2018-11-28,,,,,,24.46,24.46,,,MDRR,58403P105,20181128,Medalist Diversified Reit Inc,0,0,18259,0,0,.,2015
Medley Management,http://www.mdly.com,"Medley Management (NYSE: MDLY) is a credit-focused asset management firm offering yield solutions to retail and institutional investors. Medley has in excess of $5.3 billion of assets under management in two business development companies, Medley Capital Corporation (NYSE: MCC) and Sierra Income Corporation, as well as private investment vehicles.",Public,,Financial,Asset/Financial Management,,United States,New York,New York,,IPO,2014-09-24,,,,,,,,,,MDLY,58503T106,20140924,Medley Management Inc,0,0,14908,1,0,29333333,2006
MetLife,http://www.metlife.com,"Metlife provides life insurance, annuities, employee benefits, and asset management products in the United States, Japan, Latin America, Asia, Europe, and the Middle East. The Company operates in six segments: Retail; Group, Voluntary & Worksite Benefits; Corporate Benefit Funding; Latin America; Asia; and Europe, the Middle East and Africa.",Public,,Financial,Insurance,,United States,New York,New York,,IPO,2000-04-05,,,,,,,,,,MET,59156R108,20000405,Metropolitan Life Insurance Co,0,0,87842,0,0,.,1900
Moelis & Company,http://www.moelis.com,"Moelis & Company is a leading global independent investment bank that provides innovative strategic advice and solutions to a diverse client base, including corporations, governments and financial sponsors.",Public,,Financial,Investment Banking,,United States,New York,New York,,IPO,2014-04-16,,,,,,378.95,378.95,0.92116777675142,0.92116777675142,MC,60786M105,20140416,Moelis & Co LLC,0,0,14574,1,0,15331000,2007
Morgan Stanley,http://www.morganstanley.com,"Morgan Stanley is a global financial services firm providing a wide range of investment banking, securities, investment management and wealth management services. The Firm's employees serve clients worldwide including corporations, governments, institutions and individuals from more than 600 offices in 37 countries.",Public,,Financial,Investment Firms & Funds,,United States,New York,New York,,IPO,1986-03-23,,,,,,,,,,MS,617446109,19860321,Morgan Stanley Group,0,0,69032,0,0,.,1935
NMI Holdings,http://www.nationalmi.com,NMI Holidngs is a Delaware corporation that through its subsidiaries provides private mortgage insurance in the United States.,Public,,Financial,Insurance,,United States,California,Emeryville,,IPO,2013-11-08,,,,,,750.58,750.58,,,NMIH,629209305,20131108,NMI Holdings,2,0,14318,0,0,.,2011
National Bank Holdings,http://www.nationalbankholdings.com,"National Bank Holdings Corporation is a bank holding company executing a strategy to create long-term stockholder value through the acquisition and operation of community banking franchises and other  complementary businesses in targeted markets. The company believes these markets  exhibit attractive demographic attributes, are home to a substantial number of financial institutions, including troubled financial institutions, and present favorable competitive dynamics, thereby offering long-term opportunities for growth.  In September 2012, National Bank Holdings went public with a valuation of $890 million.",Public,,Financial,Retail Banking,,United States,Colorado,Greenwood Village,,IPO,2012-09-20,,,,,,890.0,890.0,3.2865583456425,3.2865583456425,NBHC,633707104,20120919,National Bank Holdings Corp,2,1,13579,1,0,53361000,2009
National Storage Affiliates Trust,http://www.nationalstorageaffiliates.com,"National Storage Affiliates Trust is a Maryland real estate investment trust focused on the ownership, operation, and acquisition of self-storage properties located within the top 100 metropolitan statistical areas, or MSAs, throughout the United States.",Public,,Financial,Real Estate,REITs,United States,Colorado,Englewood,,IPO,2015-04-23,,,,,,544.21,544.21,6.9361458067805,6.9361458067805,NSA,64880R101,19940304,New South Africa Fund Inc,0,0,80400,0,0,.,-99
National Storage Affiliates Trust,http://www.nationalstorageaffiliates.com,"National Storage Affiliates Trust is a Maryland real estate investment trust focused on the ownership, operation, and acquisition of self-storage properties located within the top 100 metropolitan statistical areas, or MSAs, throughout the United States.",Public,,Financial,Real Estate,REITs,United States,Colorado,Englewood,,IPO,2015-04-23,,,,,,544.21,544.21,6.9361458067805,6.9361458067805,NSA,637870106,20150423,National Storage Affiliates Tr,0,0,15323,0,0,.,2013
Netstreit,http://www.netstreit.com,"Netstreit is a Real Estate Investment Trust (REIT) based in Dallas, Texas that specializes in acquiring Single-Tenant Net Lease Retail properties nationwide.",Public,,Financial,Real Estate,REITs,United States,Texas,Dallas,,IPO,2020-08-13,,,,,,491.36,491.36,,,NTST,64119V303,20200813,NetSTREIT Corp,0,0,19601,0,0,.,2019
Nexpoint Real Estate Finance,http://www.nexpointfinance.com,"Nexpoint Real Estate Finance is a commercial real estate finance company. Nexpoint Real Estate originates, structures and invests in first mortgage loans, mezzanine loans, preferred equity and alternative structured financing in commercial real estate properties, as well as multifamily commercial mortgage-backed securities, or CMBS, securitization, or collective targets.",Public,,Financial,Real Estate,REITs,United States,Texas,Dallas,,IPO,2020-02-07,,,,,,95.0,95.0,,,NREF,65342M101,20200207,Nexpoint Real Est Inc,0,0,.,0,0,.,2019
Office Properties Income Trust,http://www.opireit.com,"Office Properties Income Trust (Nasdaq: OPI) is a REIT focused on owning, operating and leasing buildings primarily leased to single tenants and those with high credit quality characteristics like government entities.",Public,,Financial,Real Estate,REITs,United States,Massachusetts,Newton,,IPO,2019-01-02,,,,,,,,,,OPI,676463102,19890802,Ogden Projects,0,0,75792,0,0,.,1984
Orchid Island Capital,http://www.orchidislandcapital.com,"Orchid Island Capital is a specialty finance company that invests in residential mortgage-backed securities, or RMBS. The principal and interest payments of these RMBS are guaranteed by the Federal National Mortgage Association, or Fannie Mae, the Federal Home Loan Mortgage Corporation, or Freddie Mac, or the Government National Mortgage Association, or Ginnie Mae, and are backed primarily by single-family residential mortgage loans. The company refers to these types of RMBS as Agency RMBS. Orchid Island's investment strategy focuses on, and its portfolio consists of, two categories of Agency RMBS: (i) traditional pass-through Agency RMBS and (ii) structured Agency RMBS, such as collateralized mortgage obligations, or CMOs, interest only securities, or IOs, inverse interest only securities, or IIOs, and principal only securities, or POs, among other types of structured Agency RMBS.    In February 2013, Orchid Island Capital went pubic with a valuation of $50 million.",Public,,Financial,Investment Firms & Funds,,United States,Florida,Vero Beach,,IPO,2013-02-14,,,,,,50.12,50.12,,,ORC,68571X103,20130214,Orchid Island Capital,0,0,13775,0,0,.,-99
Owl Rock Capital Corporation,,Owl Rock Capital Corporation (NYSE: ORCC) is a specialty finance company focused on lending to U.S. middle-market companies.,Public,,Financial,Lending,,United States,New York,New York,,IPO,2019-07-18,,,,,,,,,,ORCC,68273G10,19990604,Online Resources & Commun,1,0,86988,0,1,.,1989
Owl Rock Capital Corporation,,Owl Rock Capital Corporation (NYSE: ORCC) is a specialty finance company focused on lending to U.S. middle-market companies.,Public,,Financial,Lending,,United States,New York,New York,,IPO,2019-07-18,,,,,,,,,,ORCC,69121K104,20190718,Owl Rock Capital Corp,0,0,18807,0,0,.,2015
PMT Services,,"Markets and services electronic credit card authorization and payment systems to retail merchants located throughout the U.S. The company has targeted small retail merchants as its primary customer base. These merchants generally have a low volume of credit card transactions, are difficult to identify, and have traditionally been underserved by credit card processors. The company believes the small merchant market offers significant opportunity for installation and servicing of credit card authorization systems. PMT plans to reach this customer base through trade association affiliations, telemarketing, and merchant portfolio purchases.",Public,,Financial,Payments (non-internet/mobile),,United States,Tennessee,Nashville,,IPO,1994-08-12,,,,,,,,,,PMT,74683K104,19871218,Putnam Master Income Trust,0,0,75243,1,0,0,-99
PMT Services,,"Markets and services electronic credit card authorization and payment systems to retail merchants located throughout the U.S. The company has targeted small retail merchants as its primary customer base. These merchants generally have a low volume of credit card transactions, are difficult to identify, and have traditionally been underserved by credit card processors. The company believes the small merchant market offers significant opportunity for installation and servicing of credit card authorization systems. PMT plans to reach this customer base through trade association affiliations, telemarketing, and merchant portfolio purchases.",Public,,Financial,Payments (non-internet/mobile),,United States,Tennessee,Nashville,,IPO,1994-08-12,,,,,,,,,,PMT,70931T103,20090729,Pennymac Mtg Invest Tr,0,0,92976,0,0,.,-99
Paramount Group,http://www.paramount-group.com,"Paramount Group is one of the largest vertically-integrated real estate companies focused on owning, operating and managing high-quality, Class A office properties in select central business district, or CBD, submarkets of New York City, Washington, D.C. and San Francisco. ",Public,,Financial,Real Estate,Commercial Property Management,United States,New York,New York,,IPO,2014-11-19,,,,,,3364.32,3364.32,17.582941360928,17.582941360928,PGRE,69924R108,20141119,Paramount Group Inc,0,0,15048,0,0,.,1978
PennyMac Financial Services,http://www.pennymacfinanical.com,"PennyMac Financial Services is a national mortgage lender and servicer. The company's goal is to provide mortgage solutions to make it easier to purchase, refinance, or simply remain in homes. PennyMac a full-service lender with a breadth of loan options for everyone from first-time home buyers to those seeking jumbo, FHA, or VA loans.  In May 2013, PennyMac Financial Services went public.",Public,,Financial,Lending,Consumer,United States,California,Moorpark,,IPO,2013-05-09,,,,,,,,,,PFSI,723672101,19861003,Pioneer Financial Services,0,0,10724,0,0,.,1957
PennyMac Financial Services,http://www.pennymacfinanical.com,"PennyMac Financial Services is a national mortgage lender and servicer. The company's goal is to provide mortgage solutions to make it easier to purchase, refinance, or simply remain in homes. PennyMac a full-service lender with a breadth of loan options for everyone from first-time home buyers to those seeking jumbo, FHA, or VA loans.  In May 2013, PennyMac Financial Services went public.",Public,,Financial,Lending,Consumer,United States,California,Moorpark,,IPO,2013-05-09,,,,,,,,,,PFSI,70932B101,20130508,PennyMac Finl Svcs Inc,2,0,13908,1,0,74222282,2008
Physicians Realty Trust,http://www.docreit.com,"Physicians Realty Trust (NYSE:DOC) is a self-managed healthcare real estate company recently organized to acquire, selectively develop, own and manage healthcare properties that are leased to physicians, hospitals and healthcare delivery systems. The company invests in real estate that is integral to providing high quality healthcare services. Its properties typically are on a campus with a hospital or other healthcare facilities or strategically located and affiliated with a hospital or other healthcare facilities.",Public,,Financial,Real Estate,REITs,United States,Wisconsin,Milwaukee,,IPO,2013-07-19,,,,,,,,,,DOC,71943U104,20130718,Physicians Realty Trust,0,0,14036,0,0,.,2013
Plymouth Industrial REIT,http://www.plymouthreit.com,"Plymouth Industrial REIT (NYSE MKT: PLYM) is a full service, vertically integrated, self-administered and self-managed Maryland corporation focused on the acquisition, ownership, and management of single and multi-tenant Class B industrial properties, including distribution centers, warehouses, and light industrial properties, primarily located in secondary and select primary markets across the U.S.",Public,,Financial,Real Estate,REITs,United States,Massachusetts,Boston,,IPO,2017-06-09,,,,,,84.66,84.66,17.141121684552,17.141121684552,PLYM,729640102,20170609,Plymouth Industrial REIT Inc,0,0,16768,0,0,.,2011
Postal Realty Trust,http://www.postalrealtytrust.com,Postal Realty Trust (NYSE: PSTL) owns and manages properties leased to the United States Postal Service (USPS).,Public,,Financial,Real Estate,Commercial Property Management,United States,New York,Cedarhurst,,IPO,2019-05-15,,,,,,97.92,97.92,,,PSTL,73757R102,20190515,Postal Realty Trust Inc,0,0,18715,1,0,6760612,2018
Preferred Apartment Communities,http://www.pacapts.com,"Preferred Apartment Communities (NYSE: APTS) is a Maryland corporation formed primarily to acquire and operate multifamily properties in select targeted markets throughout the United States. As part of its business strategy, the company may enter into forward purchase contracts or purchase options for to-be-built multifamily communities and may make real estate related loans, provide deposit arrangements, or provide performance assurances, as may be necessary or appropriate, in connection with the development of multifamily communities and other properties. As a secondary strategy, the company may acquire or originate senior mortgage loans, subordinate loans or real estate loans secured by interests in multifamily properties, membership or partnership interests in multifamily properties and other multifamily related assets and invest a lesser portion of its assets in other real estate related investments, including other income-producing property types, senior mortgage loans, subordinate loans or real estate loans secured by interests in other income-producing property types, membership or partnership interests in other income-producing property types.",Public,,Financial,Real Estate,REITs,United States,Georgia,Atlanta,,IPO,2011-04-02,,,,,,50.37,50.37,,,APTS,74039L103,20110331,Preferred Apartment Communitie,0,0,12668,0,0,.,2009
Presidio Property Trust,http://www.presidiopt.com,"Presidio Property Trust (NASDAQ: SQFT) is a diversified real estate investment trust (REIT) with a portfolio consisting of properties located in Southern California, Colorado, and North Dakota.",Public,,Financial,Real Estate,REITs,United States,California,San Diego,,IPO,2020-10-07,,,,,,47.11,47.11,,,SQFT,74102L204,20201007,Presidio Property Trust Inc,0,0,19858,0,0,.,1999
Prospect Capital Corporation,http://www.prospectstreet.com,"Prospect Capital Corporation is a provider of flexible private debt and equity capital to sponsor-owned and non-sponsor-owned middle-market companies. The company invests in first-lien and second-lien senior loans and mezzanine debt, which in some cases include an equity component. The company provide capital to middle-market companies and private equity financial sponsors for refinancing, leveraged buyouts, acquisitions, recapitalizations, later-stage growth investments, and capital expenditures.",Public,,Financial,Asset/Financial Management,,United States,New York,New York,,IPO,2004-07-14,,,,,,,,,,PSEC,74348T102,20040727,Prospect Street Energy Corp,0,0,90291,.,0,12000000,-99
Prudential,http://www.prudential.com,"Prudential (NYSE: PRU) is a financial services company that has operations in the United States, Asia, Europe, and Latin America. Prudential's diverse and talented employees are committed to helping individual and institutional customers grow and protect their wealth through a variety of products and services, including life insurance, annuities, retirement-related services, mutual funds and investment management.",Public,,Financial,Asset/Financial Management,,United States,New Jersey,Newark,,IPO,2001-12-13,,,,,,15573.25,15573.25,,,PRU,74432010,20011212,Prudential Financial Inc,0,0,89258,0,0,.,1901
Reinsurance Group of America,http://www.rgare.com,"Reinsurance Group of America (NYSE: RGA) provides clients with individual life reinsurance, individual living benefits reinsurance, group reinsurance, health reinsurance, financial solutions, facultative underwriting and product development. The company serves clients from operations in Australia, Barbados, Bermuda, Canada, China, France, Germany, Hong Kong, India, Ireland, Italy, Japan, Malaysia, Mexico, the Netherlands, New Zealand, Poland, Singapore, South Africa, South Korea, Spain, Taiwan, Turkey, the United Arab Emirates, the United Kingdom, and the United States. Worldwide, RGA has approximately $3.0 trillion of life reinsurance in force and assets of $43.2 billion.",Public,,Financial,Insurance,Reinsurance,United States,Missouri,Chesterfield,,IPO,2001-12-18,,,,,,,,,,RGA,759351109,19930504,Reinsurance Group of America,0,0,79210,0,0,.,1973
Retail Properties of America,http://www.rpai.com,"Retail Properties of America (RPAI) is an owner and operator of shopping centers in the United States. The company's retail operating portfolio is geographically diversified and includes power centers, community centers, neighborhood centers and lifestyle centers, as well as single-user retail properties. RPAI's retail properties are primarily located in retail districts within densely populated areas in highly visible locations with convenient access to interstates and major thoroughfares.  In April 2012, Retail Properties of America went public with a valuation of $642.8 million.",Public,,Financial,Real Estate,Commercial Property Management,United States,Illinois,Oak Brook,,IPO,2012-04-05,,,,,,254.4,254.4,,,RPAI,76131V202,20120405,Retail Ppty of Americas Inc,0,0,13358,1,0,230800176,2003
Rexford Industrial Realty,http://www.rexfordindustrial.com,"Rexford Industrial is a leading Southern California focused industrial real estate investment firm, focused on creating value by acquiring, managing and repositioning in-fill industrial property. Rexford's expertise and market knowledge cover all industrial real estate asset classes including warehouse/distribution, light manufacturing, R&D and flex industrial.  The company targets both newer and older vintage properties, single and multi-tenant projects and invests in every category of industrial property including Core, Core Plus, Value Add, and First Mortgages tied to Industrial Property.",Public,,Financial,Real Estate,REITs,United States,California,Los Angeles,,IPO,2013-07-19,,,,,,353.35,353.35,10.095714285714,10.095714285714,REXR,76169C100,20130718,Rexford Industrial Realty Inc,0,0,14037,0,0,.,-99
SPDR Long Dollar Gold Trust,http://www.spdrgoldshares.com,"The World Currency Gold Trust, or the Trust, was formed as a Delaware statutory trust on August 27, 2014. The Trust consists of multiple series (each, a ""Series""). Each Series issues common units of beneficial interest, or Shares, which represent units of fractional undivided beneficial interest in and ownership of such Series. The term of the Trust and each Series is perpetual (unless terminated earlier in certain circumstances). The Trust was organized in separate series as a Delaware statutory trust rather than as separate statutory trusts in order to achieve certain administrative and other efficiencies.",Public,,Financial,Investment Firms & Funds,,United States,New York,New York,,IPO,2017-01-31,,,,,,,,,,GLD,802176107,19940615,Santa Fe Pacific Gold,0,0,80694,0,0,.,1983
World Gold Trust,,"World Gold Trust, or the Trust, was formed as a Delaware statutory trust on August 27, 2014. The Trust consists of multiple series (each, a ""Series""). Each Series issues common units of beneficial interest, or Shares, which represent units of fractional undivided beneficial interest in and ownership of such Series. The term of the Trust and each Series is perpetual (unless terminated earlier in certain circumstances). The Trust was organized in separate series as a Delaware statutory trust rather than as separate statutory trusts in order to achieve certain administrative and other efficiencies. Delaware Trust Company is the sole Trustee of the Trust.",Public,,Financial,Investment Firms & Funds,,United States,New York,New York,,IPO,2018-06-26,,,,,,,,,,GLD,802176107,19940615,Santa Fe Pacific Gold,0,0,80694,0,0,.,1983
Spirit Realty Capital,http://www.spiritrealty.com,"Spirit Realty Capital invests in single-tenant, operationally essential real estate throughout the United States that is leased on a long-term, triple-net basis primarily to tenants engaged in retail, service and distribution industries. Single-tenant, operationally essential real estate consists of properties that are generally free-standing, commercial real estate facilities where tenants conduct retail, service or distribution activities that are essential to the generation of sales and profits. Under a triple-net lease, the tenant is typically responsible for all improvements and is contractually obligated to pay all property operating expenses, such asreal estate taxes, insurance premiums and repair and maintenance costs.  In September 2012, Spirit Realty Capital went public with a valuation of $1.1 billion.",Public,,Financial,Real Estate,Commercial Real Estate Investment,United States,Arizona,Scottsdale,,IPO,2012-09-20,,,,,,1135.0,1135.0,4.0134370579915,4.0134370579915,SRC,814160107,19940126,Security-Connecticut,0,0,80189,0,0,.,1979
Spirit Realty Capital,http://www.spiritrealty.com,"Spirit Realty Capital invests in single-tenant, operationally essential real estate throughout the United States that is leased on a long-term, triple-net basis primarily to tenants engaged in retail, service and distribution industries. Single-tenant, operationally essential real estate consists of properties that are generally free-standing, commercial real estate facilities where tenants conduct retail, service or distribution activities that are essential to the generation of sales and profits. Under a triple-net lease, the tenant is typically responsible for all improvements and is contractually obligated to pay all property operating expenses, such asreal estate taxes, insurance premiums and repair and maintenance costs.  In September 2012, Spirit Realty Capital went public with a valuation of $1.1 billion.",Public,,Financial,Real Estate,Commercial Real Estate Investment,United States,Arizona,Scottsdale,,IPO,2012-09-20,,,,,,1135.0,1135.0,4.0134370579915,4.0134370579915,SRC,84860F109,20120919,Spirit Realty Capital Inc,0,0,13580,0,0,.,2003
Spirit of Texas Bancshares,http://www.sotb.com,"Spirit of Texas Bancshares (NASDAQ: STXB) is a bank offering a full array of loan, deposit, and online banking products at competitive rates to complement commercial and/or consumer banking needs.",Public,,Financial,Retail Banking,,United States,Texas,Conroe,,IPO,2018-05-04,,,,,,199.2,199.2,,,STXB,84861D103,20180504,Spirit of Texas Bancshares Inc,0,0,17802,0,0,.,2008
Store Capital Corp,http://www.storecapital.com,"Store Capital Corp is an internally managed net-lease real estate investment trust, or REIT, that is a leader in the acquisition, investment and management of Single Tenant Operational Real Estate, or STORE Properties. S|T|O|R|E is one of the largest and fastest-growing net-lease REITs and own a large, well-diversified portfolio that consists of investments in 850 property locations operated by 201 customers in 46 states as of September 30, 2014.",Public,,Financial,Real Estate,REITs,United States,Arizona,Scottsdale,,IPO,2014-11-18,,,,,,1885.59,1885.59,13.939454424484,13.939454424484,STOR,784779100,19900427,STOR Furnishings International,2,0,76434,0,0,.,1986
Store Capital Corp,http://www.storecapital.com,"Store Capital Corp is an internally managed net-lease real estate investment trust, or REIT, that is a leader in the acquisition, investment and management of Single Tenant Operational Real Estate, or STORE Properties. S|T|O|R|E is one of the largest and fastest-growing net-lease REITs and own a large, well-diversified portfolio that consists of investments in 850 property locations operated by 201 customers in 46 states as of September 30, 2014.",Public,,Financial,Real Estate,REITs,United States,Arizona,Scottsdale,,IPO,2014-11-18,,,,,,1885.59,1885.59,13.939454424484,13.939454424484,STOR,86211E103,20000629,Storagenetworks Inc,1,0,88378,0,1,.,1998
Store Capital Corp,http://www.storecapital.com,"Store Capital Corp is an internally managed net-lease real estate investment trust, or REIT, that is a leader in the acquisition, investment and management of Single Tenant Operational Real Estate, or STORE Properties. S|T|O|R|E is one of the largest and fastest-growing net-lease REITs and own a large, well-diversified portfolio that consists of investments in 850 property locations operated by 201 customers in 46 states as of September 30, 2014.",Public,,Financial,Real Estate,REITs,United States,Arizona,Scottsdale,,IPO,2014-11-18,,,,,,1885.59,1885.59,13.939454424484,13.939454424484,STOR,862121100,20141118,STORE Capital Corp,0,0,15052,0,0,.,2011
Synchrony Financial,http://www.synchronyfinancial.com,"Synchrony Financial (formerly GE Capital Retail Finance) is one of the country's leading retail lenders, with 80 years of experience in consumer financing. The business, with its lending entity Synchrony Bank*, provides customized credit programs for retailers and consumers in the United States. This includes private label and bankcard credit programs for major national, regional and independent retailers in the U.S., as well as private label credit card programs, special financing, and promotional and installment lending, bankcards and financial services for consumers through dealers; contractors; manufacturers; healthcare practices; and service providers across diverse industry segments.",Public,,Financial,Lending,Commercial,United States,Connecticut,Stamford,,IPO,2014-07-31,,,,,,19096.22,19096.22,6.1780071174377,6.1780071174377,SYF,87165B103,20140731,Synchrony Financial,0,0,14776,0,0,.,2003
TRI Pointe Homes,http://www.tripointehomes.com,"TRI Pointe Homes is engaged in the design, construction and sale of single-family homes in planned communities in major metropolitan areas located throughout Southern and Northern California. As a ""next generation"" regional homebuilder, the company is focused on taking advantage of opportunities in selected markets in California and is evaluating opportunities in other Southwestern states with improving local market conditions.",Public,,Financial,Real Estate,Residential Real Estate Development,United States,California,Irvine,,IPO,2013-01-31,,,,,,537.16,537.16,,,TPH,87265H109,20130130,TRI Pointe Homes Inc,0,0,13748,0,0,.,2009
Visa,http://www.visa.com,"Visa (NYSE:V) is a global,payments technology company that connects consumers, businesses, financial institutions, and governments to fast, secure, and reliable electronic payments. The company operates VisaNet, a processing network with fraud protection for consumers and assured payment for merchants. Visa is not a bank and does not issue cards, extend credit, or set rates and fees for consumers; however, Visa's innovations enable its financial institution customers to offer consumers more choices: pay now with debit, pay ahead of time with prepaid, or pay later with credit products.",Public,,Financial,Payments (non-internet/mobile),,United States,California,Foster City,,IPO,2008-03-19,,,,,,58000.0,58000.0,40.055248618785,40.055248618785,V,92826C839,20080319,Visa Inc,0,0,92611,1,0,805822979,1970
Voya Financial,http://www.voya.com,"Voya Financial, (NYSE: VOYA), formerly ING U.S., is a premier retirement, investment and insurance company serving the financial needs of approximately 13 million individual and institutional customers in the United States. The company's vision is to be America's Retirement Company and its guiding principle is centered on solving the most daunting financial challenge facing Americans today- retirement readiness. Working directly with clients and through a broad group of financial intermediaries, independent producers, affiliated advisors and dedicated sales specialists, Voya provides a comprehensive portfolio of asset accumulation, asset protection and asset distribution products and services. With a dedicated workforce of approximately 7,000 employees, Voya is grounded in a clear mission to make a secure financial future possible-one person, one family, one institution at a time.",Public,,Financial,Insurance,,United States,New York,New York,,IPO,2013-05-02,,,,,,5005.0,5005.0,,,VOYA,45685E106,20130501,ING US Inc,0,0,13904,0,0,.,1999
Western Asset Mortgage Capital,http://www.westernassetmcc.com,"Western Asset Mortgage Capital is focused on investing in, financing and managing primarily residential mortgage-backed securities, or RMBS, for which the principal and interest payments are guaranteed by a U.S. Government agency, such as the Government National Mortgage Association, or a U.S. Government-sponsored entity, including the Federal National Mortgage Association and the Federal Home Loan Mortgage Corporation.  In May 2012, Western Asset Mortgage Capital went public with a valuation of $231.6 million.",Public,,Financial,Lending,Consumer,United States,California,Pasadena,,IPO,2012-05-10,,,,,,,,,,WMC,95790D105,20120509,Western Asset Mortgage Capital,0,0,13401,0,0,.,-99
Wheeler Real Estate Investment Trust,http://www.whlr.us,"Wheeler Real Estate Investment Trust is a REIT dedicated to opportunistically acquiring and re-invigorating well-located, potentially dominant retail properties that generate attractive risk-adjusted returns. Wheeler Real Estate Investment Trust is managed by Wheeler Interests, a Virginia Beach, Virginia-based commercial real estate company, specializing in the acquisition, leasing and management of shopping centers ranging in size from 2,500 to 300,000 square feet, as well as free-standing, single-tenant triple net properties. The company&#039;s properties are located throughout the East Coast, South and Southwest, and are anchored or shadow-anchored by major regional and national tenant stores such as Food Lion, TJ Maxx, Wal-Mart Neighborhood Market and Lowe&#039;s Home Improvement.    In November 2012, Wheeler Real Estate Investment Trust went public with a valuation of $22.5 million.",Public,,Financial,Real Estate,REITs,United States,Virginia,Virginia Beach,,IPO,2012-11-19,,,,,,22.5,22.5,,,WHLR,963025101,20121116,Wheeler REIT Inc,0,0,13700,0,0,.,2011
